{
  "timestamp": "2026-06-15 00:50:37",
  "fluxev_optimized": {
    "config": {
      "s": 8,
      "p": 2,
      "d": 2,
      "alpha": 0.3,
      "q": 0.05,
      "init_quantile": 0.9
    },
    "segment_metrics": {
      "precision": 0.9868312757201646,
      "recall": 1.0,
      "f1_score": 0.9933719966859984,
      "accuracy": 0.9925822902178952,
      "specificity": 0.9832985386221295,
      "tp": 1199,
      "fp": 16,
      "fn": 0,
      "tn": 942,
      "true_segments": 5,
      "pred_segments": 37,
      "detected_segments": 5
    }
  },
  "sr_best": {
    "config": {
      "window_size": 100,
      "threshold_percentile": 95
    },
    "segment_metrics": {
      "precision": 0.9677158999192897,
      "recall": 1.0,
      "f1_score": 0.9835931091058244,
      "accuracy": 0.981455725544738,
      "specificity": 0.9582463465553236,
      "tp": 1199,
      "fp": 40,
      "fn": 0,
      "tn": 918,
      "true_segments": 5,
      "pred_segments": 13,
      "detected_segments": 5
    }
  },
  "atad": {
    "segment_metrics": {
      "precision": 0.9819819819819819,
      "recall": 1.0,
      "f1_score": 0.9909090909090909,
      "accuracy": 0.989800649049606,
      "specificity": 0.9770354906054279,
      "tp": 1199,
      "fp": 22,
      "fn": 0,
      "tn": 936,
      "true_segments": 5,
      "pred_segments": 52,
      "detected_segments": 5
    }
  },
  "final_comparison": {
    "FluxEV-original": {
      "precision": 0.9979,
      "recall": 0.3995,
      "f1_score": 0.5706
    },
    "ATAD": {
      "precision": 0.9819819819819819,
      "recall": 1.0,
      "f1_score": 0.9909090909090909,
      "accuracy": 0.989800649049606,
      "specificity": 0.9770354906054279,
      "tp": 1199.0,
      "fp": 22.0,
      "fn": 0.0,
      "tn": 936.0,
      "true_segments": 5.0,
      "pred_segments": 52.0,
      "detected_segments": 5.0
    },
    "IQR": {
      "precision": 0.9049,
      "recall": 1.0,
      "f1_score": 0.9501
    },
    "K-Sigma": {
      "precision": 1.0,
      "recall": 0.1993,
      "f1_score": 0.3324
    },
    "FluxEV-optimized": {
      "precision": 0.9868312757201646,
      "recall": 1.0,
      "f1_score": 0.9933719966859984,
      "accuracy": 0.9925822902178952,
      "specificity": 0.9832985386221295,
      "tp": 1199.0,
      "fp": 16.0,
      "fn": 0.0,
      "tn": 942.0,
      "true_segments": 5.0,
      "pred_segments": 37.0,
      "detected_segments": 5.0
    },
    "SR (Spectral Residual)": {
      "precision": 0.9677158999192897,
      "recall": 1.0,
      "f1_score": 0.9835931091058244,
      "accuracy": 0.981455725544738,
      "specificity": 0.9582463465553236,
      "tp": 1199.0,
      "fp": 40.0,
      "fn": 0.0,
      "tn": 918.0,
      "true_segments": 5.0,
      "pred_segments": 13.0,
      "detected_segments": 5.0
    }
  },
  "fluxev_optimization_tested": 300,
  "fluxev_optimization_time": 74.96786260604858,
  "sr_configs_tested": 30,
  "sr_optimization_time": 3.118313789367676
}